{
  "baseline_summary": {
    "median": 1.1885780520624916,
    "mean": 2.1343372597263386,
    "succ10": 0.33980582524271846,
    "succ20": 0.5145631067961165,
    "succ30": 0.6310679611650486,
    "p95": 6.854909838638394
  },
  "gnn_summary": {
    "median": 1.0524304316579314,
    "mean": 1.1315663635769364,
    "succ10": 0.6944444444444444,
    "succ20": 0.8333333333333334,
    "succ30": 0.8888888888888888,
    "p95": 1.5253061681062463
  }
}