{
  "top1": 0.2777777777777778,
  "top3": 0.6666666666666666,
  "top5": 0.8888888888888888,
  "med_regret": 1.0524304316579314,
  "mean_regret": 1.1315663635769364,
  "succ10": 0.6944444444444444,
  "succ20": 0.8333333333333334,
  "succ30": 0.8888888888888888,
  "p75_regret": 1.1099012872778715,
  "p90_regret": 1.3151301248269975,
  "p95_regret": 1.5253061681062463,
  "p99_regret": 2.1369877539813964,
  "trimmed_mean_regret_90pct": 1.0579995177426538,
  "ndcg3": 0.9328170688165398,
  "ndcg5": 0.9512758340031683,
  "spearman": 0.24166666666666664,
  "pairwise_acc_macro": 0.5870370370370372,
  "pairwise_acc_micro": 0.5755693581780539,
  "best_rank_mean": 2.8333333333333335,
  "best_rank_median": 2.0,
  "mae_log": 0.726335605772415,
  "rmse_log": 0.8859366878904921,
  "inference_time_ms_per_batch": 61.92317375769982,
  "num_groups": 36.0
}